{"mean_acc": 0.8466000000000001, "ci": [0.7333333333333333, 0.9333333333333333]}