{"mean_acc": 0.7139142857142857, "ci": [0.5714285714285714, 0.8571428571428571]}