model,accuracy,f1_macro,n_samples
lr,0.7142857142857143,0.7112887112887113,35
knn,0.6,0.5442449707155589,35
xgb,0.2,0.23561507936507936,35
rf,0.22857142857142856,0.2313095238095238,35
svm,0.22857142857142856,0.2161502546689304,35
